dataset_category,dataset_name,dataset_path,dataset_size,num_triples,num_entities,num_predicates,encoding,repetition,success,status,error_message,total_runtime,rdf_parse_time,id_mapping_time,state_preparation_time,circuit_construction_time,simulation_time,measurement_time,qubits,circuit_depth,gate_count,operation_counts,logical_circuit_depth,logical_gate_count,logical_operation_counts,decomposed_circuit_depth,decomposed_gate_count,decomposed_operation_counts,transpiled_circuit_depth,transpiled_gate_count,transpiled_operation_counts,metric_status,metric_error,shots,backend,started_at_utc,finished_at_utc,entity_bit_width,predicate_bit_width,measurement_circuit_preparation_time,decoding_time,completed_total_runtime,phase_marker_mode,phase_requested_predicate,phase_effective_predicate,phase_marked_triples,phase_total_triples,phase_marked_fraction,phase_warning,max_basis_simulation_qubits,max_phase_diagonal_qubits,max_metric_qubits,timeout_seconds,weight_strategy,phase_mark_predicate,phase_angle,decompose_reps,compute_decomposed_metrics,compute_transpiled_metrics,rdf_format
synthetic,synthetic_100,data\scaling\synthetic_100.ttl,100,100,50,5,basis,1,True,success,,0.3020865,0.0051976,0.0002406,0.0004287,0.0213713,0.0014083,0.273134,15,1,1,"{""initialize"": 1}",1,1,"{""initialize"": 1}",,,,,,,metric_limit,Decomposed metrics skipped because the circuit has 15 qubits and --max-metric-qubits is 14.; Transpiled metrics skipped because the circuit has 15 qubits and --max-metric-qubits is 14.,1024,Qiskit Statevector,2026-05-20T13:40:27+00:00,2026-05-20T13:40:27+00:00,6,3,0.0,1.81e-05,0.3020865,,,,,,,,22,10,14,600.0,uniform,,3.141592653589793,1,True,True,
synthetic,synthetic_100,data\scaling\synthetic_100.ttl,100,100,50,5,basis,2,True,success,,0.3066997,0.0051922,0.0002534,0.0004316,0.0209033,0.0014113,0.2782022,15,1,1,"{""initialize"": 1}",1,1,"{""initialize"": 1}",,,,,,,metric_limit,Decomposed metrics skipped because the circuit has 15 qubits and --max-metric-qubits is 14.; Transpiled metrics skipped because the circuit has 15 qubits and --max-metric-qubits is 14.,1024,Qiskit Statevector,2026-05-20T13:40:28+00:00,2026-05-20T13:40:29+00:00,6,3,0.0,1.44e-05,0.3066997,,,,,,,,22,10,14,600.0,uniform,,3.141592653589793,1,True,True,
synthetic,synthetic_100,data\scaling\synthetic_100.ttl,100,100,50,5,basis,3,True,success,,0.3086793,0.0059998,0.0002817,0.0004924,0.0249761,0.0014822,0.2751009,15,1,1,"{""initialize"": 1}",1,1,"{""initialize"": 1}",,,,,,,metric_limit,Decomposed metrics skipped because the circuit has 15 qubits and --max-metric-qubits is 14.; Transpiled metrics skipped because the circuit has 15 qubits and --max-metric-qubits is 14.,1024,Qiskit Statevector,2026-05-20T13:40:30+00:00,2026-05-20T13:40:30+00:00,6,3,0.0,2.21e-05,0.3086793,,,,,,,,22,10,14,600.0,uniform,,3.141592653589793,1,True,True,
synthetic,synthetic_100,data\scaling\synthetic_100.ttl,100,100,50,5,basis,4,True,success,,0.2880496,0.0052069,0.000246,0.0004297,0.0228459,0.0015753,0.2574278,15,1,1,"{""initialize"": 1}",1,1,"{""initialize"": 1}",,,,,,,metric_limit,Decomposed metrics skipped because the circuit has 15 qubits and --max-metric-qubits is 14.; Transpiled metrics skipped because the circuit has 15 qubits and --max-metric-qubits is 14.,1024,Qiskit Statevector,2026-05-20T13:40:31+00:00,2026-05-20T13:40:32+00:00,6,3,0.0,1.38e-05,0.2880496,,,,,,,,22,10,14,600.0,uniform,,3.141592653589793,1,True,True,
synthetic,synthetic_100,data\scaling\synthetic_100.ttl,100,100,50,5,basis,5,True,success,,0.3025023,0.0084981,0.0004354,0.0005448,0.0241555,0.0014366,0.2670932,15,1,1,"{""initialize"": 1}",1,1,"{""initialize"": 1}",,,,,,,metric_limit,Decomposed metrics skipped because the circuit has 15 qubits and --max-metric-qubits is 14.; Transpiled metrics skipped because the circuit has 15 qubits and --max-metric-qubits is 14.,1024,Qiskit Statevector,2026-05-20T13:40:33+00:00,2026-05-20T13:40:33+00:00,6,3,0.0,1.35e-05,0.3025023,,,,,,,,22,10,14,600.0,uniform,,3.141592653589793,1,True,True,
synthetic,synthetic_100,data\scaling\synthetic_100.ttl,100,100,50,5,amplitude,1,True,success,,0.0400143,0.0054492,0.0002588,0.0003546,0.0004015,0.0006191,0.001497,7,1,1,"{""initialize"": 1}",1,1,"{""initialize"": 1}",2,8,"{""reset"": 7, ""state_preparation"": 1}",143,158,"{""cx"": 72, ""reset"": 7, ""u"": 79}",success,,1024,Qiskit Statevector,2026-05-20T13:40:34+00:00,2026-05-20T13:40:34+00:00,6,3,0.0,1.28e-05,0.0400143,,,,,,,,22,10,14,600.0,uniform,,3.141592653589793,1,True,True,
synthetic,synthetic_100,data\scaling\synthetic_100.ttl,100,100,50,5,amplitude,2,True,success,,0.0396367,0.0054237,0.0002478,0.0004202,0.000458,0.0005795,0.0011659,7,1,1,"{""initialize"": 1}",1,1,"{""initialize"": 1}",2,8,"{""reset"": 7, ""state_preparation"": 1}",143,158,"{""cx"": 72, ""reset"": 7, ""u"": 79}",success,,1024,Qiskit Statevector,2026-05-20T13:40:35+00:00,2026-05-20T13:40:35+00:00,6,3,0.0,1.35e-05,0.0396367,,,,,,,,22,10,14,600.0,uniform,,3.141592653589793,1,True,True,
synthetic,synthetic_100,data\scaling\synthetic_100.ttl,100,100,50,5,amplitude,3,True,success,,0.0394982,0.0056964,0.0002664,0.0003726,0.0004122,0.0005519,0.0011605,7,1,1,"{""initialize"": 1}",1,1,"{""initialize"": 1}",2,8,"{""reset"": 7, ""state_preparation"": 1}",143,158,"{""cx"": 72, ""reset"": 7, ""u"": 79}",success,,1024,Qiskit Statevector,2026-05-20T13:40:36+00:00,2026-05-20T13:40:36+00:00,6,3,0.0,1.27e-05,0.0394982,,,,,,,,22,10,14,600.0,uniform,,3.141592653589793,1,True,True,
synthetic,synthetic_100,data\scaling\synthetic_100.ttl,100,100,50,5,amplitude,4,True,success,,0.0377308,0.0051183,0.0002602,0.0003495,0.0003705,0.0005609,0.0011751,7,1,1,"{""initialize"": 1}",1,1,"{""initialize"": 1}",2,8,"{""reset"": 7, ""state_preparation"": 1}",143,158,"{""cx"": 72, ""reset"": 7, ""u"": 79}",success,,1024,Qiskit Statevector,2026-05-20T13:40:37+00:00,2026-05-20T13:40:37+00:00,6,3,0.0,1.26e-05,0.0377308,,,,,,,,22,10,14,600.0,uniform,,3.141592653589793,1,True,True,
synthetic,synthetic_100,data\scaling\synthetic_100.ttl,100,100,50,5,amplitude,5,True,success,,0.0383152,0.0051132,0.0002437,0.0003448,0.0003912,0.0005746,0.0011801,7,1,1,"{""initialize"": 1}",1,1,"{""initialize"": 1}",2,8,"{""reset"": 7, ""state_preparation"": 1}",143,158,"{""cx"": 72, ""reset"": 7, ""u"": 79}",success,,1024,Qiskit Statevector,2026-05-20T13:40:38+00:00,2026-05-20T13:40:38+00:00,6,3,0.0,1.22e-05,0.0383152,,,,,,,,22,10,14,600.0,uniform,,3.141592653589793,1,True,True,
synthetic,synthetic_100,data\scaling\synthetic_100.ttl,100,100,50,5,phase,1,True,success,,0.1150931,0.0054435,0.000261,0.0014972,0.0042266,0.0060479,0.0019256,7,3,9,"{""h"": 7, ""initialize"": 1, ""unitary"": 1}",3,9,"{""h"": 7, ""initialize"": 1, ""unitary"": 1}",339,380,"{""cx"": 320, ""reset"": 7, ""rz"": 44, ""state_preparation"": 1, ""u"": 8}",479,530,"{""cx"": 392, ""reset"": 7, ""u"": 131}",success,,1024,Qiskit Statevector,2026-05-20T13:40:39+00:00,2026-05-20T13:40:40+00:00,6,3,0.0,2.13e-05,0.1150931,synthetic-default,,http://example.org/p0,20,100,0.2,,22,10,14,600.0,uniform,,3.141592653589793,1,True,True,
synthetic,synthetic_100,data\scaling\synthetic_100.ttl,100,100,50,5,phase,2,True,success,,0.1178342,0.0052855,0.0002654,0.0014337,0.0041699,0.0058376,0.0020924,7,3,9,"{""h"": 7, ""initialize"": 1, ""unitary"": 1}",3,9,"{""h"": 7, ""initialize"": 1, ""unitary"": 1}",339,380,"{""cx"": 320, ""reset"": 7, ""rz"": 44, ""state_preparation"": 1, ""u"": 8}",479,530,"{""cx"": 392, ""reset"": 7, ""u"": 131}",success,,1024,Qiskit Statevector,2026-05-20T13:40:41+00:00,2026-05-20T13:40:41+00:00,6,3,0.0,2.1e-05,0.1178342,synthetic-default,,http://example.org/p0,20,100,0.2,,22,10,14,600.0,uniform,,3.141592653589793,1,True,True,
synthetic,synthetic_100,data\scaling\synthetic_100.ttl,100,100,50,5,phase,3,True,success,,0.1146607,0.0054515,0.0002446,0.0014408,0.0041586,0.0059708,0.0019053,7,3,9,"{""h"": 7, ""initialize"": 1, ""unitary"": 1}",3,9,"{""h"": 7, ""initialize"": 1, ""unitary"": 1}",339,380,"{""cx"": 320, ""reset"": 7, ""rz"": 44, ""state_preparation"": 1, ""u"": 8}",479,530,"{""cx"": 392, ""reset"": 7, ""u"": 131}",success,,1024,Qiskit Statevector,2026-05-20T13:40:42+00:00,2026-05-20T13:40:42+00:00,6,3,0.0,2.09e-05,0.1146607,synthetic-default,,http://example.org/p0,20,100,0.2,,22,10,14,600.0,uniform,,3.141592653589793,1,True,True,
synthetic,synthetic_100,data\scaling\synthetic_100.ttl,100,100,50,5,phase,4,True,success,,0.1140974,0.0054035,0.0002492,0.001435,0.004156,0.0060378,0.0019235,7,3,9,"{""h"": 7, ""initialize"": 1, ""unitary"": 1}",3,9,"{""h"": 7, ""initialize"": 1, ""unitary"": 1}",339,380,"{""cx"": 320, ""reset"": 7, ""rz"": 44, ""state_preparation"": 1, ""u"": 8}",479,530,"{""cx"": 392, ""reset"": 7, ""u"": 131}",success,,1024,Qiskit Statevector,2026-05-20T13:40:43+00:00,2026-05-20T13:40:43+00:00,6,3,0.0,2.03e-05,0.1140974,synthetic-default,,http://example.org/p0,20,100,0.2,,22,10,14,600.0,uniform,,3.141592653589793,1,True,True,
synthetic,synthetic_100,data\scaling\synthetic_100.ttl,100,100,50,5,phase,5,True,success,,0.1151693,0.005087,0.0002439,0.0014602,0.0041464,0.0057416,0.001916,7,3,9,"{""h"": 7, ""initialize"": 1, ""unitary"": 1}",3,9,"{""h"": 7, ""initialize"": 1, ""unitary"": 1}",339,380,"{""cx"": 320, ""reset"": 7, ""rz"": 44, ""state_preparation"": 1, ""u"": 8}",479,530,"{""cx"": 392, ""reset"": 7, ""u"": 131}",success,,1024,Qiskit Statevector,2026-05-20T13:40:44+00:00,2026-05-20T13:40:44+00:00,6,3,0.0,2.17e-05,0.1151693,synthetic-default,,http://example.org/p0,20,100,0.2,,22,10,14,600.0,uniform,,3.141592653589793,1,True,True,
synthetic,synthetic_1000,data\scaling\synthetic_1000.ttl,1000,1000,500,10,basis,1,True,success,,61.4425242,0.0242477,0.0010799,0.0028794,2.7683252,0.0760713,58.5322898,22,1,1,"{""initialize"": 1}",1,1,"{""initialize"": 1}",,,,,,,metric_limit,Decomposed metrics skipped because the circuit has 22 qubits and --max-metric-qubits is 14.; Transpiled metrics skipped because the circuit has 22 qubits and --max-metric-qubits is 14.,1024,Qiskit Statevector,2026-05-20T13:40:45+00:00,2026-05-20T13:41:47+00:00,9,4,0.0,7.45e-05,61.4425242,,,,,,,,22,10,14,600.0,uniform,,3.141592653589793,1,True,True,
synthetic,synthetic_1000,data\scaling\synthetic_1000.ttl,1000,1000,500,10,basis,2,True,success,,61.6832215,0.0273967,0.000908,0.002988,2.8865536,0.0806287,58.6441511,22,1,1,"{""initialize"": 1}",1,1,"{""initialize"": 1}",,,,,,,metric_limit,Decomposed metrics skipped because the circuit has 22 qubits and --max-metric-qubits is 14.; Transpiled metrics skipped because the circuit has 22 qubits and --max-metric-qubits is 14.,1024,Qiskit Statevector,2026-05-20T13:41:48+00:00,2026-05-20T13:42:49+00:00,9,4,0.0,8.72e-05,61.6832215,,,,,,,,22,10,14,600.0,uniform,,3.141592653589793,1,True,True,
synthetic,synthetic_1000,data\scaling\synthetic_1000.ttl,1000,1000,500,10,basis,3,True,success,,58.7177439,0.0274487,0.0008359,0.0036819,3.1244692,0.0717036,55.4520552,22,1,1,"{""initialize"": 1}",1,1,"{""initialize"": 1}",,,,,,,metric_limit,Decomposed metrics skipped because the circuit has 22 qubits and --max-metric-qubits is 14.; Transpiled metrics skipped because the circuit has 22 qubits and --max-metric-qubits is 14.,1024,Qiskit Statevector,2026-05-20T13:42:51+00:00,2026-05-20T13:43:49+00:00,9,4,0.0,7.4e-05,58.7177439,,,,,,,,22,10,14,600.0,uniform,,3.141592653589793,1,True,True,
synthetic,synthetic_1000,data\scaling\synthetic_1000.ttl,1000,1000,500,10,basis,4,True,success,,57.932061,0.0273104,0.0009757,0.003077,2.8249188,0.0771651,54.9586942,22,1,1,"{""initialize"": 1}",1,1,"{""initialize"": 1}",,,,,,,metric_limit,Decomposed metrics skipped because the circuit has 22 qubits and --max-metric-qubits is 14.; Transpiled metrics skipped because the circuit has 22 qubits and --max-metric-qubits is 14.,1024,Qiskit Statevector,2026-05-20T13:43:50+00:00,2026-05-20T13:44:48+00:00,9,4,0.0,7.47e-05,57.932061,,,,,,,,22,10,14,600.0,uniform,,3.141592653589793,1,True,True,
synthetic,synthetic_1000,data\scaling\synthetic_1000.ttl,1000,1000,500,10,basis,5,True,success,,60.3318871,0.027232,0.0008028,0.0030682,2.8082721,0.0805143,57.3675329,22,1,1,"{""initialize"": 1}",1,1,"{""initialize"": 1}",,,,,,,metric_limit,Decomposed metrics skipped because the circuit has 22 qubits and --max-metric-qubits is 14.; Transpiled metrics skipped because the circuit has 22 qubits and --max-metric-qubits is 14.,1024,Qiskit Statevector,2026-05-20T13:44:49+00:00,2026-05-20T13:45:50+00:00,9,4,0.0,7.92e-05,60.3318871,,,,,,,,22,10,14,600.0,uniform,,3.141592653589793,1,True,True,
synthetic,synthetic_1000,data\scaling\synthetic_1000.ttl,1000,1000,500,10,amplitude,1,True,success,,0.214265,0.0328852,0.0011447,0.0007276,0.0011446,0.0065006,0.0057633,10,1,1,"{""initialize"": 1}",1,1,"{""initialize"": 1}",2,11,"{""reset"": 10, ""state_preparation"": 1}",937,958,"{""cx"": 469, ""reset"": 10, ""u"": 479}",success,,1024,Qiskit Statevector,2026-05-20T13:45:51+00:00,2026-05-20T13:45:51+00:00,9,4,0.0,6e-05,0.214265,,,,,,,,22,10,14,600.0,uniform,,3.141592653589793,1,True,True,
synthetic,synthetic_1000,data\scaling\synthetic_1000.ttl,1000,1000,500,10,amplitude,2,True,success,,0.2021287,0.025767,0.0008349,0.0007051,0.001028,0.0065023,0.0058623,10,1,1,"{""initialize"": 1}",1,1,"{""initialize"": 1}",2,11,"{""reset"": 10, ""state_preparation"": 1}",937,958,"{""cx"": 469, ""reset"": 10, ""u"": 479}",success,,1024,Qiskit Statevector,2026-05-20T13:45:52+00:00,2026-05-20T13:45:52+00:00,9,4,0.0,6e-05,0.2021287,,,,,,,,22,10,14,600.0,uniform,,3.141592653589793,1,True,True,
synthetic,synthetic_1000,data\scaling\synthetic_1000.ttl,1000,1000,500,10,amplitude,3,True,success,,0.1955941,0.0252342,0.0008012,0.0006755,0.0009982,0.0066261,0.0053677,10,1,1,"{""initialize"": 1}",1,1,"{""initialize"": 1}",2,11,"{""reset"": 10, ""state_preparation"": 1}",937,958,"{""cx"": 469, ""reset"": 10, ""u"": 479}",success,,1024,Qiskit Statevector,2026-05-20T13:45:53+00:00,2026-05-20T13:45:54+00:00,9,4,0.0,5.94e-05,0.1955941,,,,,,,,22,10,14,600.0,uniform,,3.141592653589793,1,True,True,
synthetic,synthetic_1000,data\scaling\synthetic_1000.ttl,1000,1000,500,10,amplitude,4,True,success,,0.2018372,0.0252715,0.0007562,0.0006776,0.0014623,0.0065222,0.0059045,10,1,1,"{""initialize"": 1}",1,1,"{""initialize"": 1}",2,11,"{""reset"": 10, ""state_preparation"": 1}",937,958,"{""cx"": 469, ""reset"": 10, ""u"": 479}",success,,1024,Qiskit Statevector,2026-05-20T13:45:55+00:00,2026-05-20T13:45:55+00:00,9,4,0.0,6.15e-05,0.2018372,,,,,,,,22,10,14,600.0,uniform,,3.141592653589793,1,True,True,
synthetic,synthetic_1000,data\scaling\synthetic_1000.ttl,1000,1000,500,10,amplitude,5,True,success,,0.2146628,0.0256105,0.0007798,0.0007014,0.0009946,0.0065347,0.0060541,10,1,1,"{""initialize"": 1}",1,1,"{""initialize"": 1}",2,11,"{""reset"": 10, ""state_preparation"": 1}",937,958,"{""cx"": 469, ""reset"": 10, ""u"": 479}",success,,1024,Qiskit Statevector,2026-05-20T13:45:56+00:00,2026-05-20T13:45:56+00:00,9,4,0.0,6.1e-05,0.2146628,,,,,,,,22,10,14,600.0,uniform,,3.141592653589793,1,True,True,
synthetic,synthetic_1000,data\scaling\synthetic_1000.ttl,1000,1000,500,10,phase,1,True,success,,81.6481117,0.0258087,0.0007796,0.0137063,6.6710007,6.5176042,0.0124211,10,3,12,"{""h"": 10, ""initialize"": 1, ""unitary"": 1}",3,12,"{""h"": 10, ""initialize"": 1, ""unitary"": 1}",4333,4553,"{""cx"": 4096, ""reset"": 10, ""rz"": 434, ""state_preparation"": 1, ""u"": 12}",5268,5500,"{""cx"": 4565, ""reset"": 10, ""u"": 925}",success,,1024,Qiskit Statevector,2026-05-20T13:45:57+00:00,2026-05-20T13:47:19+00:00,9,4,0.0,0.0001244,81.6481117,synthetic-default,,http://example.org/p0,100,1000,0.1,,22,10,14,600.0,uniform,,3.141592653589793,1,True,True,
synthetic,synthetic_1000,data\scaling\synthetic_1000.ttl,1000,1000,500,10,phase,2,True,success,,85.5581025,0.0289228,0.0008248,0.0142586,6.9313081,7.380649,0.0109239,10,3,12,"{""h"": 10, ""initialize"": 1, ""unitary"": 1}",3,12,"{""h"": 10, ""initialize"": 1, ""unitary"": 1}",4333,4553,"{""cx"": 4096, ""reset"": 10, ""rz"": 434, ""state_preparation"": 1, ""u"": 12}",5268,5500,"{""cx"": 4565, ""reset"": 10, ""u"": 925}",success,,1024,Qiskit Statevector,2026-05-20T13:47:20+00:00,2026-05-20T13:48:45+00:00,9,4,0.0,8.86e-05,85.5581025,synthetic-default,,http://example.org/p0,100,1000,0.1,,22,10,14,600.0,uniform,,3.141592653589793,1,True,True,
synthetic,synthetic_1000,data\scaling\synthetic_1000.ttl,1000,1000,500,10,phase,3,True,success,,84.0899069,0.0263351,0.0008684,0.0134516,7.2089187,6.7935872,0.0107318,10,3,12,"{""h"": 10, ""initialize"": 1, ""unitary"": 1}",3,12,"{""h"": 10, ""initialize"": 1, ""unitary"": 1}",4333,4553,"{""cx"": 4096, ""reset"": 10, ""rz"": 434, ""state_preparation"": 1, ""u"": 12}",5268,5500,"{""cx"": 4565, ""reset"": 10, ""u"": 925}",success,,1024,Qiskit Statevector,2026-05-20T13:48:47+00:00,2026-05-20T13:50:11+00:00,9,4,0.0,8.14e-05,84.0899069,synthetic-default,,http://example.org/p0,100,1000,0.1,,22,10,14,600.0,uniform,,3.141592653589793,1,True,True,
synthetic,synthetic_1000,data\scaling\synthetic_1000.ttl,1000,1000,500,10,phase,4,True,success,,82.3374955,0.0261481,0.0008163,0.0150786,6.3585563,6.6474007,0.0111757,10,3,12,"{""h"": 10, ""initialize"": 1, ""unitary"": 1}",3,12,"{""h"": 10, ""initialize"": 1, ""unitary"": 1}",4333,4553,"{""cx"": 4096, ""reset"": 10, ""rz"": 434, ""state_preparation"": 1, ""u"": 12}",5268,5500,"{""cx"": 4565, ""reset"": 10, ""u"": 925}",success,,1024,Qiskit Statevector,2026-05-20T13:50:12+00:00,2026-05-20T13:51:34+00:00,9,4,0.0,8.53e-05,82.3374955,synthetic-default,,http://example.org/p0,100,1000,0.1,,22,10,14,600.0,uniform,,3.141592653589793,1,True,True,
synthetic,synthetic_1000,data\scaling\synthetic_1000.ttl,1000,1000,500,10,phase,5,True,success,,81.4321213,0.0316796,0.0009205,0.0144318,6.3240591,6.6516337,0.0107069,10,3,12,"{""h"": 10, ""initialize"": 1, ""unitary"": 1}",3,12,"{""h"": 10, ""initialize"": 1, ""unitary"": 1}",4333,4553,"{""cx"": 4096, ""reset"": 10, ""rz"": 434, ""state_preparation"": 1, ""u"": 12}",5268,5500,"{""cx"": 4565, ""reset"": 10, ""u"": 925}",success,,1024,Qiskit Statevector,2026-05-20T13:51:35+00:00,2026-05-20T13:52:57+00:00,9,4,0.0,8.36e-05,81.4321213,synthetic-default,,http://example.org/p0,100,1000,0.1,,22,10,14,600.0,uniform,,3.141592653589793,1,True,True,
synthetic,synthetic_5000,data\scaling\synthetic_5000.ttl,5000,,,,basis,1,False,error,Worker exited with code 3221226505 without returning a result.,335.7551298,,,,,,,,,,,,,,,,,,,,,,1024,Qiskit Statevector,2026-05-20T14:01:41+00:00,2026-05-20T14:01:41+00:00,,,,,,,,,,,,,28,13,28,600.0,uniform,,3.141592653589793,1,True,True,
synthetic,synthetic_5000,data\scaling\synthetic_5000.ttl,5000,5000,2500,15,amplitude,1,True,success,,2.1877427,0.1475224,0.0037845,0.0069455,0.006754,0.0562808,0.0708729,13,1,1,"{""initialize"": 1}",1,1,"{""initialize"": 1}",2,14,"{""reset"": 13, ""state_preparation"": 1}",6748,6778,"{""cx"": 3376, ""reset"": 13, ""u"": 3389}",success,,1024,Qiskit Statevector,2026-05-20T14:01:59+00:00,2026-05-20T14:02:01+00:00,12,4,0.0,9.27e-05,2.1877427,,,,,,,,28,13,28,600.0,uniform,,3.141592653589793,1,True,True,
synthetic,synthetic_5000,data\scaling\synthetic_5000.ttl,5000,,,,phase,1,False,timeout,Run exceeded timeout of 600.0 seconds and was terminated.,600.0013848,,,,,,,,,,,,,,,,,,,,,,1024,Qiskit Statevector,2026-05-20T14:12:02+00:00,2026-05-20T14:12:02+00:00,,,,,,,,,,,,,28,13,28,600.0,uniform,,3.141592653589793,1,True,True,
real,exampleV3,data\real_kgs\exampleV3.ttl,129,129,71,16,basis,1,True,success,,2.808066,0.0070655,0.0002995,0.0003666,0.1928213,0.0065098,2.5979098,18,1,1,"{""initialize"": 1}",1,1,"{""initialize"": 1}",,,,,,,metric_limit,Decomposed metrics skipped because the circuit has 18 qubits and --max-metric-qubits is 14.; Transpiled metrics skipped because the circuit has 18 qubits and --max-metric-qubits is 14.,1024,Qiskit Statevector,2026-05-20T13:53:00+00:00,2026-05-20T13:53:02+00:00,7,4,0.0,1.8e-05,2.808066,,,,,,,,22,10,14,600.0,uniform,,3.141592653589793,1,True,True,
real,exampleV3,data\real_kgs\exampleV3.ttl,129,129,71,16,basis,2,True,success,,2.8418266,0.0068147,0.00029,0.0003811,0.1805116,0.0055944,2.645665,18,1,1,"{""initialize"": 1}",1,1,"{""initialize"": 1}",,,,,,,metric_limit,Decomposed metrics skipped because the circuit has 18 qubits and --max-metric-qubits is 14.; Transpiled metrics skipped because the circuit has 18 qubits and --max-metric-qubits is 14.,1024,Qiskit Statevector,2026-05-20T13:53:04+00:00,2026-05-20T13:53:06+00:00,7,4,0.0,1.77e-05,2.8418266,,,,,,,,22,10,14,600.0,uniform,,3.141592653589793,1,True,True,
real,exampleV3,data\real_kgs\exampleV3.ttl,129,129,71,16,basis,3,True,success,,2.8195345,0.0073734,0.0004028,0.0003898,0.1886938,0.0056119,2.614576,18,1,1,"{""initialize"": 1}",1,1,"{""initialize"": 1}",,,,,,,metric_limit,Decomposed metrics skipped because the circuit has 18 qubits and --max-metric-qubits is 14.; Transpiled metrics skipped because the circuit has 18 qubits and --max-metric-qubits is 14.,1024,Qiskit Statevector,2026-05-20T13:53:07+00:00,2026-05-20T13:53:10+00:00,7,4,0.0,1.67e-05,2.8195345,,,,,,,,22,10,14,600.0,uniform,,3.141592653589793,1,True,True,
real,exampleV3,data\real_kgs\exampleV3.ttl,129,129,71,16,basis,4,True,success,,2.9044588,0.0070512,0.0003392,0.0003766,0.1906604,0.006137,2.6974207,18,1,1,"{""initialize"": 1}",1,1,"{""initialize"": 1}",,,,,,,metric_limit,Decomposed metrics skipped because the circuit has 18 qubits and --max-metric-qubits is 14.; Transpiled metrics skipped because the circuit has 18 qubits and --max-metric-qubits is 14.,1024,Qiskit Statevector,2026-05-20T13:53:11+00:00,2026-05-20T13:53:14+00:00,7,4,0.0,1.69e-05,2.9044588,,,,,,,,22,10,14,600.0,uniform,,3.141592653589793,1,True,True,
real,exampleV3,data\real_kgs\exampleV3.ttl,129,129,71,16,basis,5,True,success,,2.8511148,0.0070277,0.0002814,0.0005292,0.1926346,0.005904,2.6425587,18,1,1,"{""initialize"": 1}",1,1,"{""initialize"": 1}",,,,,,,metric_limit,Decomposed metrics skipped because the circuit has 18 qubits and --max-metric-qubits is 14.; Transpiled metrics skipped because the circuit has 18 qubits and --max-metric-qubits is 14.,1024,Qiskit Statevector,2026-05-20T13:53:15+00:00,2026-05-20T13:53:18+00:00,7,4,0.0,1.71e-05,2.8511148,,,,,,,,22,10,14,600.0,uniform,,3.141592653589793,1,True,True,
real,exampleV3,data\real_kgs\exampleV3.ttl,129,129,71,16,amplitude,1,True,success,,0.0452383,0.007258,0.0004927,0.0004057,0.0005108,0.0011385,0.0021432,8,1,1,"{""initialize"": 1}",1,1,"{""initialize"": 1}",2,9,"{""reset"": 8, ""state_preparation"": 1}",10,30,"{""cx"": 7, ""reset"": 8, ""u"": 15}",success,,1024,Qiskit Statevector,2026-05-20T13:53:19+00:00,2026-05-20T13:53:19+00:00,7,4,0.0,1.56e-05,0.0452383,,,,,,,,22,10,14,600.0,uniform,,3.141592653589793,1,True,True,
real,exampleV3,data\real_kgs\exampleV3.ttl,129,129,71,16,amplitude,2,True,success,,0.0444397,0.0068986,0.0003181,0.0002541,0.0006077,0.0013134,0.0027791,8,1,1,"{""initialize"": 1}",1,1,"{""initialize"": 1}",2,9,"{""reset"": 8, ""state_preparation"": 1}",10,30,"{""cx"": 7, ""reset"": 8, ""u"": 15}",success,,1024,Qiskit Statevector,2026-05-20T13:53:20+00:00,2026-05-20T13:53:20+00:00,7,4,0.0,1.54e-05,0.0444397,,,,,,,,22,10,14,600.0,uniform,,3.141592653589793,1,True,True,
real,exampleV3,data\real_kgs\exampleV3.ttl,129,129,71,16,amplitude,3,True,success,,0.0438146,0.0070861,0.0002985,0.0003656,0.0006531,0.00079,0.001837,8,1,1,"{""initialize"": 1}",1,1,"{""initialize"": 1}",2,9,"{""reset"": 8, ""state_preparation"": 1}",10,30,"{""cx"": 7, ""reset"": 8, ""u"": 15}",success,,1024,Qiskit Statevector,2026-05-20T13:53:21+00:00,2026-05-20T13:53:21+00:00,7,4,0.0,1.52e-05,0.0438146,,,,,,,,22,10,14,600.0,uniform,,3.141592653589793,1,True,True,
real,exampleV3,data\real_kgs\exampleV3.ttl,129,129,71,16,amplitude,4,True,success,,0.0440126,0.0070226,0.0003104,0.0002422,0.0005166,0.0007878,0.0019663,8,1,1,"{""initialize"": 1}",1,1,"{""initialize"": 1}",2,9,"{""reset"": 8, ""state_preparation"": 1}",10,30,"{""cx"": 7, ""reset"": 8, ""u"": 15}",success,,1024,Qiskit Statevector,2026-05-20T13:53:22+00:00,2026-05-20T13:53:23+00:00,7,4,0.0,1.68e-05,0.0440126,,,,,,,,22,10,14,600.0,uniform,,3.141592653589793,1,True,True,
real,exampleV3,data\real_kgs\exampleV3.ttl,129,129,71,16,amplitude,5,True,success,,0.0479004,0.0110717,0.0003284,0.0002481,0.0004997,0.0010365,0.0019037,8,1,1,"{""initialize"": 1}",1,1,"{""initialize"": 1}",2,9,"{""reset"": 8, ""state_preparation"": 1}",10,30,"{""cx"": 7, ""reset"": 8, ""u"": 15}",success,,1024,Qiskit Statevector,2026-05-20T13:53:24+00:00,2026-05-20T13:53:24+00:00,7,4,0.0,1.55e-05,0.0479004,,,,,,,,22,10,14,600.0,uniform,,3.141592653589793,1,True,True,
real,exampleV3,data\real_kgs\exampleV3.ttl,129,129,71,16,phase,1,True,success,,1.085503,0.0069722,0.0003141,0.0020619,0.034448,0.0515287,0.003211,8,3,10,"{""h"": 8, ""initialize"": 1, ""unitary"": 1}",3,10,"{""h"": 8, ""initialize"": 1, ""unitary"": 1}",971,1045,"{""cx"": 770, ""reset"": 8, ""rz"": 252, ""state_preparation"": 1, ""u"": 14}",979,1066,"{""cx"": 777, ""reset"": 8, ""u"": 281}",success,,1024,Qiskit Statevector,2026-05-20T13:53:25+00:00,2026-05-20T13:53:26+00:00,7,4,0.0,3.38e-05,1.085503,most-common-predicate,,http://www.w3.org/1999/02/22-rdf-syntax-ns#type,59,129,0.457364341,,22,10,14,600.0,uniform,,3.141592653589793,1,True,True,
real,exampleV3,data\real_kgs\exampleV3.ttl,129,129,71,16,phase,2,True,success,,1.0788323,0.0071079,0.0005519,0.0022332,0.0348625,0.0528838,0.003003,8,3,10,"{""h"": 8, ""initialize"": 1, ""unitary"": 1}",3,10,"{""h"": 8, ""initialize"": 1, ""unitary"": 1}",971,1045,"{""cx"": 770, ""reset"": 8, ""rz"": 252, ""state_preparation"": 1, ""u"": 14}",979,1066,"{""cx"": 777, ""reset"": 8, ""u"": 281}",success,,1024,Qiskit Statevector,2026-05-20T13:53:27+00:00,2026-05-20T13:53:28+00:00,7,4,0.0,3.42e-05,1.0788323,most-common-predicate,,http://www.w3.org/1999/02/22-rdf-syntax-ns#type,59,129,0.457364341,,22,10,14,600.0,uniform,,3.141592653589793,1,True,True,
real,exampleV3,data\real_kgs\exampleV3.ttl,129,129,71,16,phase,3,True,success,,1.0811036,0.0073276,0.0003837,0.0022311,0.0399259,0.0602573,0.0031305,8,3,10,"{""h"": 8, ""initialize"": 1, ""unitary"": 1}",3,10,"{""h"": 8, ""initialize"": 1, ""unitary"": 1}",971,1045,"{""cx"": 770, ""reset"": 8, ""rz"": 252, ""state_preparation"": 1, ""u"": 14}",979,1066,"{""cx"": 777, ""reset"": 8, ""u"": 281}",success,,1024,Qiskit Statevector,2026-05-20T13:53:29+00:00,2026-05-20T13:53:30+00:00,7,4,0.0,3.39e-05,1.0811036,most-common-predicate,,http://www.w3.org/1999/02/22-rdf-syntax-ns#type,59,129,0.457364341,,22,10,14,600.0,uniform,,3.141592653589793,1,True,True,
real,exampleV3,data\real_kgs\exampleV3.ttl,129,129,71,16,phase,4,True,success,,1.1653004,0.0072501,0.0003164,0.0026548,0.0349986,0.0513095,0.0030294,8,3,10,"{""h"": 8, ""initialize"": 1, ""unitary"": 1}",3,10,"{""h"": 8, ""initialize"": 1, ""unitary"": 1}",971,1045,"{""cx"": 770, ""reset"": 8, ""rz"": 252, ""state_preparation"": 1, ""u"": 14}",979,1066,"{""cx"": 777, ""reset"": 8, ""u"": 281}",success,,1024,Qiskit Statevector,2026-05-20T13:53:31+00:00,2026-05-20T13:53:32+00:00,7,4,0.0,3.2e-05,1.1653004,most-common-predicate,,http://www.w3.org/1999/02/22-rdf-syntax-ns#type,59,129,0.457364341,,22,10,14,600.0,uniform,,3.141592653589793,1,True,True,
real,exampleV3,data\real_kgs\exampleV3.ttl,129,129,71,16,phase,5,True,success,,1.0380466,0.0064426,0.0003693,0.0018239,0.0328112,0.050238,0.0031826,8,3,10,"{""h"": 8, ""initialize"": 1, ""unitary"": 1}",3,10,"{""h"": 8, ""initialize"": 1, ""unitary"": 1}",971,1045,"{""cx"": 770, ""reset"": 8, ""rz"": 252, ""state_preparation"": 1, ""u"": 14}",979,1066,"{""cx"": 777, ""reset"": 8, ""u"": 281}",success,,1024,Qiskit Statevector,2026-05-20T13:53:33+00:00,2026-05-20T13:53:34+00:00,7,4,0.0,3.26e-05,1.0380466,most-common-predicate,,http://www.w3.org/1999/02/22-rdf-syntax-ns#type,59,129,0.457364341,,22,10,14,600.0,uniform,,3.141592653589793,1,True,True,
real,productsSmall,data\real_kgs\productsSmall.rdf,129,129,71,16,basis,1,True,success,,2.8309012,0.009654,0.0002678,0.0005367,0.1696721,0.0055663,2.6431318,18,1,1,"{""initialize"": 1}",1,1,"{""initialize"": 1}",,,,,,,metric_limit,Decomposed metrics skipped because the circuit has 18 qubits and --max-metric-qubits is 14.; Transpiled metrics skipped because the circuit has 18 qubits and --max-metric-qubits is 14.,1024,Qiskit Statevector,2026-05-20T13:53:35+00:00,2026-05-20T13:53:38+00:00,7,4,0.0,1.78e-05,2.8309012,,,,,,,,22,10,14,600.0,uniform,,3.141592653589793,1,True,True,
real,productsSmall,data\real_kgs\productsSmall.rdf,129,129,71,16,basis,2,True,success,,2.7742359,0.0090942,0.0003116,0.0003722,0.17596,0.0054845,2.5811383,18,1,1,"{""initialize"": 1}",1,1,"{""initialize"": 1}",,,,,,,metric_limit,Decomposed metrics skipped because the circuit has 18 qubits and --max-metric-qubits is 14.; Transpiled metrics skipped because the circuit has 18 qubits and --max-metric-qubits is 14.,1024,Qiskit Statevector,2026-05-20T13:53:39+00:00,2026-05-20T13:53:42+00:00,7,4,0.0,1.69e-05,2.7742359,,,,,,,,22,10,14,600.0,uniform,,3.141592653589793,1,True,True,
real,productsSmall,data\real_kgs\productsSmall.rdf,129,129,71,16,basis,3,True,success,,2.8411748,0.0089878,0.0002699,0.0003696,0.1797278,0.006252,2.6431122,18,1,1,"{""initialize"": 1}",1,1,"{""initialize"": 1}",,,,,,,metric_limit,Decomposed metrics skipped because the circuit has 18 qubits and --max-metric-qubits is 14.; Transpiled metrics skipped because the circuit has 18 qubits and --max-metric-qubits is 14.,1024,Qiskit Statevector,2026-05-20T13:53:43+00:00,2026-05-20T13:53:46+00:00,7,4,0.0,1.79e-05,2.8411748,,,,,,,,22,10,14,600.0,uniform,,3.141592653589793,1,True,True,
real,productsSmall,data\real_kgs\productsSmall.rdf,129,129,71,16,basis,4,True,success,,2.7972025,0.0091138,0.0002753,0.0003676,0.1721428,0.0061194,2.6072541,18,1,1,"{""initialize"": 1}",1,1,"{""initialize"": 1}",,,,,,,metric_limit,Decomposed metrics skipped because the circuit has 18 qubits and --max-metric-qubits is 14.; Transpiled metrics skipped because the circuit has 18 qubits and --max-metric-qubits is 14.,1024,Qiskit Statevector,2026-05-20T13:53:47+00:00,2026-05-20T13:53:50+00:00,7,4,0.0,1.76e-05,2.7972025,,,,,,,,22,10,14,600.0,uniform,,3.141592653589793,1,True,True,
real,productsSmall,data\real_kgs\productsSmall.rdf,129,129,71,16,basis,5,True,success,,2.8208849,0.0089098,0.0002822,0.0003655,0.1702221,0.0054019,2.6336396,18,1,1,"{""initialize"": 1}",1,1,"{""initialize"": 1}",,,,,,,metric_limit,Decomposed metrics skipped because the circuit has 18 qubits and --max-metric-qubits is 14.; Transpiled metrics skipped because the circuit has 18 qubits and --max-metric-qubits is 14.,1024,Qiskit Statevector,2026-05-20T13:53:51+00:00,2026-05-20T13:53:53+00:00,7,4,0.0,1.79e-05,2.8208849,,,,,,,,22,10,14,600.0,uniform,,3.141592653589793,1,True,True,
real,productsSmall,data\real_kgs\productsSmall.rdf,129,129,71,16,amplitude,1,True,success,,0.040345,0.008883,0.0002663,0.0002386,0.0004693,0.0007326,0.0016737,8,1,1,"{""initialize"": 1}",1,1,"{""initialize"": 1}",2,9,"{""reset"": 8, ""state_preparation"": 1}",10,30,"{""cx"": 7, ""reset"": 8, ""u"": 15}",success,,1024,Qiskit Statevector,2026-05-20T13:53:54+00:00,2026-05-20T13:53:54+00:00,7,4,0.0,1.5e-05,0.040345,,,,,,,,22,10,14,600.0,uniform,,3.141592653589793,1,True,True,
real,productsSmall,data\real_kgs\productsSmall.rdf,129,129,71,16,amplitude,2,True,success,,0.0415622,0.0090367,0.0002764,0.0002465,0.0004692,0.0007842,0.0016972,8,1,1,"{""initialize"": 1}",1,1,"{""initialize"": 1}",2,9,"{""reset"": 8, ""state_preparation"": 1}",10,30,"{""cx"": 7, ""reset"": 8, ""u"": 15}",success,,1024,Qiskit Statevector,2026-05-20T13:53:55+00:00,2026-05-20T13:53:56+00:00,7,4,0.0,1.57e-05,0.0415622,,,,,,,,22,10,14,600.0,uniform,,3.141592653589793,1,True,True,
real,productsSmall,data\real_kgs\productsSmall.rdf,129,129,71,16,amplitude,3,True,success,,0.0410093,0.009134,0.000306,0.0002387,0.0004689,0.0007499,0.0017186,8,1,1,"{""initialize"": 1}",1,1,"{""initialize"": 1}",2,9,"{""reset"": 8, ""state_preparation"": 1}",10,30,"{""cx"": 7, ""reset"": 8, ""u"": 15}",success,,1024,Qiskit Statevector,2026-05-20T13:53:57+00:00,2026-05-20T13:53:57+00:00,7,4,0.0,1.53e-05,0.0410093,,,,,,,,22,10,14,600.0,uniform,,3.141592653589793,1,True,True,
real,productsSmall,data\real_kgs\productsSmall.rdf,129,129,71,16,amplitude,4,True,success,,0.041649,0.0090434,0.0002765,0.0002387,0.0004686,0.0007599,0.0016667,8,1,1,"{""initialize"": 1}",1,1,"{""initialize"": 1}",2,9,"{""reset"": 8, ""state_preparation"": 1}",10,30,"{""cx"": 7, ""reset"": 8, ""u"": 15}",success,,1024,Qiskit Statevector,2026-05-20T13:53:58+00:00,2026-05-20T13:53:58+00:00,7,4,0.0,1.47e-05,0.041649,,,,,,,,22,10,14,600.0,uniform,,3.141592653589793,1,True,True,
real,productsSmall,data\real_kgs\productsSmall.rdf,129,129,71,16,amplitude,5,True,success,,0.0410272,0.0089239,0.000276,0.0002432,0.000466,0.0007584,0.0016658,8,1,1,"{""initialize"": 1}",1,1,"{""initialize"": 1}",2,9,"{""reset"": 8, ""state_preparation"": 1}",10,30,"{""cx"": 7, ""reset"": 8, ""u"": 15}",success,,1024,Qiskit Statevector,2026-05-20T13:53:59+00:00,2026-05-20T13:53:59+00:00,7,4,0.0,1.42e-05,0.0410272,,,,,,,,22,10,14,600.0,uniform,,3.141592653589793,1,True,True,
real,productsSmall,data\real_kgs\productsSmall.rdf,129,129,71,16,phase,1,True,success,,1.035904,0.0087903,0.0002719,0.0018546,0.0368434,0.051626,0.0030593,8,3,10,"{""h"": 8, ""initialize"": 1, ""unitary"": 1}",3,10,"{""h"": 8, ""initialize"": 1, ""unitary"": 1}",971,1045,"{""cx"": 770, ""reset"": 8, ""rz"": 252, ""state_preparation"": 1, ""u"": 14}",979,1066,"{""cx"": 777, ""reset"": 8, ""u"": 281}",success,,1024,Qiskit Statevector,2026-05-20T13:54:00+00:00,2026-05-20T13:54:01+00:00,7,4,0.0,3.12e-05,1.035904,most-common-predicate,,http://www.w3.org/1999/02/22-rdf-syntax-ns#type,59,129,0.457364341,,22,10,14,600.0,uniform,,3.141592653589793,1,True,True,
real,productsSmall,data\real_kgs\productsSmall.rdf,129,129,71,16,phase,2,True,success,,1.0567074,0.0089895,0.0003084,0.001864,0.0343867,0.0529832,0.0030969,8,3,10,"{""h"": 8, ""initialize"": 1, ""unitary"": 1}",3,10,"{""h"": 8, ""initialize"": 1, ""unitary"": 1}",971,1045,"{""cx"": 770, ""reset"": 8, ""rz"": 252, ""state_preparation"": 1, ""u"": 14}",979,1066,"{""cx"": 777, ""reset"": 8, ""u"": 281}",success,,1024,Qiskit Statevector,2026-05-20T13:54:02+00:00,2026-05-20T13:54:03+00:00,7,4,0.0,3.2e-05,1.0567074,most-common-predicate,,http://www.w3.org/1999/02/22-rdf-syntax-ns#type,59,129,0.457364341,,22,10,14,600.0,uniform,,3.141592653589793,1,True,True,
real,productsSmall,data\real_kgs\productsSmall.rdf,129,129,71,16,phase,3,True,success,,1.0540413,0.009269,0.0002718,0.0018229,0.04097,0.0540678,0.0031152,8,3,10,"{""h"": 8, ""initialize"": 1, ""unitary"": 1}",3,10,"{""h"": 8, ""initialize"": 1, ""unitary"": 1}",971,1045,"{""cx"": 770, ""reset"": 8, ""rz"": 252, ""state_preparation"": 1, ""u"": 14}",979,1066,"{""cx"": 777, ""reset"": 8, ""u"": 281}",success,,1024,Qiskit Statevector,2026-05-20T13:54:04+00:00,2026-05-20T13:54:05+00:00,7,4,0.0,3.27e-05,1.0540413,most-common-predicate,,http://www.w3.org/1999/02/22-rdf-syntax-ns#type,59,129,0.457364341,,22,10,14,600.0,uniform,,3.141592653589793,1,True,True,
real,productsSmall,data\real_kgs\productsSmall.rdf,129,129,71,16,phase,4,True,success,,1.0379423,0.009179,0.0003143,0.00184,0.034566,0.0514763,0.0030774,8,3,10,"{""h"": 8, ""initialize"": 1, ""unitary"": 1}",3,10,"{""h"": 8, ""initialize"": 1, ""unitary"": 1}",971,1045,"{""cx"": 770, ""reset"": 8, ""rz"": 252, ""state_preparation"": 1, ""u"": 14}",979,1066,"{""cx"": 777, ""reset"": 8, ""u"": 281}",success,,1024,Qiskit Statevector,2026-05-20T13:54:06+00:00,2026-05-20T13:54:07+00:00,7,4,0.0,3.49e-05,1.0379423,most-common-predicate,,http://www.w3.org/1999/02/22-rdf-syntax-ns#type,59,129,0.457364341,,22,10,14,600.0,uniform,,3.141592653589793,1,True,True,
real,productsSmall,data\real_kgs\productsSmall.rdf,129,129,71,16,phase,5,True,success,,1.0433071,0.0091707,0.0003118,0.0019209,0.0329928,0.0519575,0.0030067,8,3,10,"{""h"": 8, ""initialize"": 1, ""unitary"": 1}",3,10,"{""h"": 8, ""initialize"": 1, ""unitary"": 1}",971,1045,"{""cx"": 770, ""reset"": 8, ""rz"": 252, ""state_preparation"": 1, ""u"": 14}",979,1066,"{""cx"": 777, ""reset"": 8, ""u"": 281}",success,,1024,Qiskit Statevector,2026-05-20T13:54:08+00:00,2026-05-20T13:54:09+00:00,7,4,0.0,3.29e-05,1.0433071,most-common-predicate,,http://www.w3.org/1999/02/22-rdf-syntax-ns#type,59,129,0.457364341,,22,10,14,600.0,uniform,,3.141592653589793,1,True,True,
real,DecodedOntologies_V2,data\real_kgs\DecodedOntologies_V2.ttl,3871,3871,2582,9,basis,1,False,simulator_limit,"Basis dense simulation skipped by guard. 28 qubits require a dense state vector with 268,435,456 complex amplitudes (about 4.00 GiB). Configured limit: 22 qubits.",0.1000983,0.0842082,0.0040968,0.0111676,,,,28,,,,,,,,,,,,,,,1024,Qiskit Statevector,2026-05-20T13:54:10+00:00,2026-05-20T13:54:10+00:00,12,4,,,,,,,,,,,22,10,14,600.0,uniform,,3.141592653589793,1,True,True,
real,DecodedOntologies_V2,data\real_kgs\DecodedOntologies_V2.ttl,3871,3871,2582,9,basis,2,False,simulator_limit,"Basis dense simulation skipped by guard. 28 qubits require a dense state vector with 268,435,456 complex amplitudes (about 4.00 GiB). Configured limit: 22 qubits.",0.0987705,0.0836245,0.0032403,0.0115217,,,,28,,,,,,,,,,,,,,,1024,Qiskit Statevector,2026-05-20T13:54:11+00:00,2026-05-20T13:54:11+00:00,12,4,,,,,,,,,,,22,10,14,600.0,uniform,,3.141592653589793,1,True,True,
real,DecodedOntologies_V2,data\real_kgs\DecodedOntologies_V2.ttl,3871,3871,2582,9,basis,3,False,simulator_limit,"Basis dense simulation skipped by guard. 28 qubits require a dense state vector with 268,435,456 complex amplitudes (about 4.00 GiB). Configured limit: 22 qubits.",0.0998759,0.0841792,0.0032814,0.0120164,,,,28,,,,,,,,,,,,,,,1024,Qiskit Statevector,2026-05-20T13:54:12+00:00,2026-05-20T13:54:12+00:00,12,4,,,,,,,,,,,22,10,14,600.0,uniform,,3.141592653589793,1,True,True,
real,DecodedOntologies_V2,data\real_kgs\DecodedOntologies_V2.ttl,3871,3871,2582,9,basis,4,False,simulator_limit,"Basis dense simulation skipped by guard. 28 qubits require a dense state vector with 268,435,456 complex amplitudes (about 4.00 GiB). Configured limit: 22 qubits.",0.109621,0.0868869,0.0036461,0.0186856,,,,28,,,,,,,,,,,,,,,1024,Qiskit Statevector,2026-05-20T13:54:13+00:00,2026-05-20T13:54:13+00:00,12,4,,,,,,,,,,,22,10,14,600.0,uniform,,3.141592653589793,1,True,True,
real,DecodedOntologies_V2,data\real_kgs\DecodedOntologies_V2.ttl,3871,3871,2582,9,basis,5,False,simulator_limit,"Basis dense simulation skipped by guard. 28 qubits require a dense state vector with 268,435,456 complex amplitudes (about 4.00 GiB). Configured limit: 22 qubits.",0.1120966,0.0971207,0.0032689,0.0112755,,,,28,,,,,,,,,,,,,,,1024,Qiskit Statevector,2026-05-20T13:54:14+00:00,2026-05-20T13:54:15+00:00,12,4,,,,,,,,,,,22,10,14,600.0,uniform,,3.141592653589793,1,True,True,
real,DecodedOntologies_V2,data\real_kgs\DecodedOntologies_V2.ttl,3871,3871,2582,9,amplitude,1,True,success,,0.9977183,0.0843038,0.0032292,0.0023424,0.0036698,0.0321083,0.0256317,12,1,1,"{""initialize"": 1}",1,1,"{""initialize"": 1}",2,13,"{""reset"": 12, ""state_preparation"": 1}",8038,8062,"{""cx"": 4019, ""reset"": 12, ""u"": 4031}",success,,1024,Qiskit Statevector,2026-05-20T13:54:16+00:00,2026-05-20T13:54:17+00:00,12,4,0.0,9e-05,0.9977183,,,,,,,,22,10,14,600.0,uniform,,3.141592653589793,1,True,True,
real,DecodedOntologies_V2,data\real_kgs\DecodedOntologies_V2.ttl,3871,3871,2582,9,amplitude,2,True,success,,0.9888941,0.083798,0.0032393,0.0021859,0.0036617,0.0329138,0.0262137,12,1,1,"{""initialize"": 1}",1,1,"{""initialize"": 1}",2,13,"{""reset"": 12, ""state_preparation"": 1}",8038,8062,"{""cx"": 4019, ""reset"": 12, ""u"": 4031}",success,,1024,Qiskit Statevector,2026-05-20T13:54:18+00:00,2026-05-20T13:54:19+00:00,12,4,0.0,9.43e-05,0.9888941,,,,,,,,22,10,14,600.0,uniform,,3.141592653589793,1,True,True,
real,DecodedOntologies_V2,data\real_kgs\DecodedOntologies_V2.ttl,3871,3871,2582,9,amplitude,3,True,success,,1.0145673,0.0924667,0.0032028,0.0021675,0.0036631,0.0313798,0.0256756,12,1,1,"{""initialize"": 1}",1,1,"{""initialize"": 1}",2,13,"{""reset"": 12, ""state_preparation"": 1}",8038,8062,"{""cx"": 4019, ""reset"": 12, ""u"": 4031}",success,,1024,Qiskit Statevector,2026-05-20T13:54:20+00:00,2026-05-20T13:54:21+00:00,12,4,0.0,8.96e-05,1.0145673,,,,,,,,22,10,14,600.0,uniform,,3.141592653589793,1,True,True,
real,DecodedOntologies_V2,data\real_kgs\DecodedOntologies_V2.ttl,3871,3871,2582,9,amplitude,4,True,success,,1.0378075,0.090332,0.0031792,0.0022531,0.0036367,0.0319423,0.0262249,12,1,1,"{""initialize"": 1}",1,1,"{""initialize"": 1}",2,13,"{""reset"": 12, ""state_preparation"": 1}",8038,8062,"{""cx"": 4019, ""reset"": 12, ""u"": 4031}",success,,1024,Qiskit Statevector,2026-05-20T13:54:22+00:00,2026-05-20T13:54:23+00:00,12,4,0.0,9.04e-05,1.0378075,,,,,,,,22,10,14,600.0,uniform,,3.141592653589793,1,True,True,
real,DecodedOntologies_V2,data\real_kgs\DecodedOntologies_V2.ttl,3871,3871,2582,9,amplitude,5,True,success,,1.0032244,0.0854507,0.0032548,0.0022667,0.0037064,0.0309279,0.0265541,12,1,1,"{""initialize"": 1}",1,1,"{""initialize"": 1}",2,13,"{""reset"": 12, ""state_preparation"": 1}",8038,8062,"{""cx"": 4019, ""reset"": 12, ""u"": 4031}",success,,1024,Qiskit Statevector,2026-05-20T13:54:24+00:00,2026-05-20T13:54:25+00:00,12,4,0.0,8.75e-05,1.0032244,,,,,,,,22,10,14,600.0,uniform,,3.141592653589793,1,True,True,
real,DecodedOntologies_V2,data\real_kgs\DecodedOntologies_V2.ttl,3871,3871,2582,9,phase,1,False,simulator_limit,"Phase dense-oracle simulation skipped by guard. 12 qubits require a dense 4,096 x 4,096 phase oracle matrix (about 0.25 GiB). Configured limit: 10 qubits.",0.1373341,0.0828086,0.0035449,0.050538,,,,12,,,,,,,,,,,,,,,1024,Qiskit Statevector,2026-05-20T13:54:26+00:00,2026-05-20T13:54:26+00:00,12,4,,,,most-common-predicate,,http://www.w3.org/2000/01/rdf-schema#label,2083,3871,0.538103849,,22,10,14,600.0,uniform,,3.141592653589793,1,True,True,
real,DecodedOntologies_V2,data\real_kgs\DecodedOntologies_V2.ttl,3871,3871,2582,9,phase,2,False,simulator_limit,"Phase dense-oracle simulation skipped by guard. 12 qubits require a dense 4,096 x 4,096 phase oracle matrix (about 0.25 GiB). Configured limit: 10 qubits.",0.1480646,0.0938013,0.0035935,0.0502228,,,,12,,,,,,,,,,,,,,,1024,Qiskit Statevector,2026-05-20T13:54:27+00:00,2026-05-20T13:54:27+00:00,12,4,,,,most-common-predicate,,http://www.w3.org/2000/01/rdf-schema#label,2083,3871,0.538103849,,22,10,14,600.0,uniform,,3.141592653589793,1,True,True,
real,DecodedOntologies_V2,data\real_kgs\DecodedOntologies_V2.ttl,3871,3871,2582,9,phase,3,False,simulator_limit,"Phase dense-oracle simulation skipped by guard. 12 qubits require a dense 4,096 x 4,096 phase oracle matrix (about 0.25 GiB). Configured limit: 10 qubits.",0.1404102,0.0858869,0.0034861,0.050536,,,,12,,,,,,,,,,,,,,,1024,Qiskit Statevector,2026-05-20T13:54:28+00:00,2026-05-20T13:54:28+00:00,12,4,,,,most-common-predicate,,http://www.w3.org/2000/01/rdf-schema#label,2083,3871,0.538103849,,22,10,14,600.0,uniform,,3.141592653589793,1,True,True,
real,DecodedOntologies_V2,data\real_kgs\DecodedOntologies_V2.ttl,3871,3871,2582,9,phase,4,False,simulator_limit,"Phase dense-oracle simulation skipped by guard. 12 qubits require a dense 4,096 x 4,096 phase oracle matrix (about 0.25 GiB). Configured limit: 10 qubits.",0.1396041,0.0827138,0.0032282,0.0532334,,,,12,,,,,,,,,,,,,,,1024,Qiskit Statevector,2026-05-20T13:54:29+00:00,2026-05-20T13:54:29+00:00,12,4,,,,most-common-predicate,,http://www.w3.org/2000/01/rdf-schema#label,2083,3871,0.538103849,,22,10,14,600.0,uniform,,3.141592653589793,1,True,True,
real,DecodedOntologies_V2,data\real_kgs\DecodedOntologies_V2.ttl,3871,3871,2582,9,phase,5,False,simulator_limit,"Phase dense-oracle simulation skipped by guard. 12 qubits require a dense 4,096 x 4,096 phase oracle matrix (about 0.25 GiB). Configured limit: 10 qubits.",0.1473742,0.0841368,0.0032495,0.0593989,,,,12,,,,,,,,,,,,,,,1024,Qiskit Statevector,2026-05-20T13:54:30+00:00,2026-05-20T13:54:31+00:00,12,4,,,,most-common-predicate,,http://www.w3.org/2000/01/rdf-schema#label,2083,3871,0.538103849,,22,10,14,600.0,uniform,,3.141592653589793,1,True,True,
real,Aristotle,data\real_kgs\Aristotle.xml,8,8,10,3,basis,1,True,success,,0.1960601,0.0046123,0.0002435,5.4e-05,0.0012233,0.0002707,0.0056618,10,1,1,"{""initialize"": 1}",1,1,"{""initialize"": 1}",2,11,"{""reset"": 10, ""state_preparation"": 1}",2028,2046,"{""cx"": 1013, ""reset"": 10, ""u"": 1023}",success,,1024,Qiskit Statevector,2026-05-20T13:54:32+00:00,2026-05-20T13:54:32+00:00,4,2,0.0,3.9e-06,0.1960601,,,,,,,,22,10,14,600.0,uniform,,3.141592653589793,1,True,True,
real,Aristotle,data\real_kgs\Aristotle.xml,8,8,10,3,basis,2,True,success,,0.1969727,0.0050052,0.0002775,4.5e-05,0.0014975,0.0002615,0.0055723,10,1,1,"{""initialize"": 1}",1,1,"{""initialize"": 1}",2,11,"{""reset"": 10, ""state_preparation"": 1}",2028,2046,"{""cx"": 1013, ""reset"": 10, ""u"": 1023}",success,,1024,Qiskit Statevector,2026-05-20T13:54:33+00:00,2026-05-20T13:54:33+00:00,4,2,0.0,3.4e-06,0.1969727,,,,,,,,22,10,14,600.0,uniform,,3.141592653589793,1,True,True,
real,Aristotle,data\real_kgs\Aristotle.xml,8,8,10,3,basis,3,True,success,,0.1918044,0.0046817,0.000258,3.52e-05,0.0009972,0.0002498,0.0054673,10,1,1,"{""initialize"": 1}",1,1,"{""initialize"": 1}",2,11,"{""reset"": 10, ""state_preparation"": 1}",2028,2046,"{""cx"": 1013, ""reset"": 10, ""u"": 1023}",success,,1024,Qiskit Statevector,2026-05-20T13:54:34+00:00,2026-05-20T13:54:34+00:00,4,2,0.0,3.8e-06,0.1918044,,,,,,,,22,10,14,600.0,uniform,,3.141592653589793,1,True,True,
real,Aristotle,data\real_kgs\Aristotle.xml,8,8,10,3,basis,4,True,success,,0.1944785,0.0045806,0.0002055,3.62e-05,0.0010584,0.0002341,0.0054667,10,1,1,"{""initialize"": 1}",1,1,"{""initialize"": 1}",2,11,"{""reset"": 10, ""state_preparation"": 1}",2028,2046,"{""cx"": 1013, ""reset"": 10, ""u"": 1023}",success,,1024,Qiskit Statevector,2026-05-20T13:54:35+00:00,2026-05-20T13:54:35+00:00,4,2,0.0,3.7e-06,0.1944785,,,,,,,,22,10,14,600.0,uniform,,3.141592653589793,1,True,True,
real,Aristotle,data\real_kgs\Aristotle.xml,8,8,10,3,basis,5,True,success,,0.2019302,0.0045928,0.0001975,3.33e-05,0.0010046,0.0002986,0.0055578,10,1,1,"{""initialize"": 1}",1,1,"{""initialize"": 1}",2,11,"{""reset"": 10, ""state_preparation"": 1}",2028,2046,"{""cx"": 1013, ""reset"": 10, ""u"": 1023}",success,,1024,Qiskit Statevector,2026-05-20T13:54:36+00:00,2026-05-20T13:54:37+00:00,4,2,0.0,4.2e-06,0.2019302,,,,,,,,22,10,14,600.0,uniform,,3.141592653589793,1,True,True,
real,Aristotle,data\real_kgs\Aristotle.xml,8,8,10,3,amplitude,1,True,success,,0.0215522,0.0043577,0.0003061,0.0001947,0.0004334,0.0001765,0.0008366,3,1,1,"{""initialize"": 1}",1,1,"{""initialize"": 1}",2,4,"{""reset"": 3, ""state_preparation"": 1}",2,6,"{""reset"": 3, ""u"": 3}",success,,1024,Qiskit Statevector,2026-05-20T13:54:38+00:00,2026-05-20T13:54:38+00:00,4,2,0.0,4.8e-06,0.0215522,,,,,,,,22,10,14,600.0,uniform,,3.141592653589793,1,True,True,
real,Aristotle,data\real_kgs\Aristotle.xml,8,8,10,3,amplitude,2,True,success,,0.019943,0.0046119,0.0002161,0.0001575,0.0003315,0.0001298,0.0005668,3,1,1,"{""initialize"": 1}",1,1,"{""initialize"": 1}",2,4,"{""reset"": 3, ""state_preparation"": 1}",2,6,"{""reset"": 3, ""u"": 3}",success,,1024,Qiskit Statevector,2026-05-20T13:54:39+00:00,2026-05-20T13:54:39+00:00,4,2,0.0,3.4e-06,0.019943,,,,,,,,22,10,14,600.0,uniform,,3.141592653589793,1,True,True,
real,Aristotle,data\real_kgs\Aristotle.xml,8,8,10,3,amplitude,3,True,success,,0.0191394,0.0041574,0.0002332,0.0001516,0.0002932,0.0001277,0.0005567,3,1,1,"{""initialize"": 1}",1,1,"{""initialize"": 1}",2,4,"{""reset"": 3, ""state_preparation"": 1}",2,6,"{""reset"": 3, ""u"": 3}",success,,1024,Qiskit Statevector,2026-05-20T13:54:40+00:00,2026-05-20T13:54:40+00:00,4,2,0.0,3e-06,0.0191394,,,,,,,,22,10,14,600.0,uniform,,3.141592653589793,1,True,True,
real,Aristotle,data\real_kgs\Aristotle.xml,8,8,10,3,amplitude,4,True,success,,0.0186341,0.004263,0.000206,0.0001516,0.0003133,0.0001298,0.0005573,3,1,1,"{""initialize"": 1}",1,1,"{""initialize"": 1}",2,4,"{""reset"": 3, ""state_preparation"": 1}",2,6,"{""reset"": 3, ""u"": 3}",success,,1024,Qiskit Statevector,2026-05-20T13:54:41+00:00,2026-05-20T13:54:41+00:00,4,2,0.0,3.3e-06,0.0186341,,,,,,,,22,10,14,600.0,uniform,,3.141592653589793,1,True,True,
real,Aristotle,data\real_kgs\Aristotle.xml,8,8,10,3,amplitude,5,True,success,,0.0189379,0.0046117,0.000239,0.0001489,0.0003091,0.0001261,0.0005515,3,1,1,"{""initialize"": 1}",1,1,"{""initialize"": 1}",2,4,"{""reset"": 3, ""state_preparation"": 1}",2,6,"{""reset"": 3, ""u"": 3}",success,,1024,Qiskit Statevector,2026-05-20T13:54:42+00:00,2026-05-20T13:54:42+00:00,4,2,0.0,3.3e-06,0.0189379,,,,,,,,22,10,14,600.0,uniform,,3.141592653589793,1,True,True,
real,Aristotle,data\real_kgs\Aristotle.xml,8,8,10,3,phase,1,True,success,,0.0221495,0.004214,0.0001951,0.000264,0.0005628,0.000988,0.0007448,3,3,5,"{""h"": 3, ""initialize"": 1, ""unitary"": 1}",3,5,"{""h"": 3, ""initialize"": 1, ""unitary"": 1}",11,18,"{""cx"": 5, ""reset"": 3, ""rz"": 2, ""state_preparation"": 1, ""u"": 7}",11,20,"{""cx"": 5, ""reset"": 3, ""u"": 12}",success,,1024,Qiskit Statevector,2026-05-20T13:54:43+00:00,2026-05-20T13:54:43+00:00,4,2,0.0,5.5e-06,0.0221495,most-common-predicate,,http://www.w3.org/1999/02/22-rdf-syntax-ns#type,6,8,0.75,,22,10,14,600.0,uniform,,3.141592653589793,1,True,True,
real,Aristotle,data\real_kgs\Aristotle.xml,8,8,10,3,phase,2,True,success,,0.0253153,0.004486,0.0002355,0.0002911,0.0005047,0.0010035,0.0007075,3,3,5,"{""h"": 3, ""initialize"": 1, ""unitary"": 1}",3,5,"{""h"": 3, ""initialize"": 1, ""unitary"": 1}",11,18,"{""cx"": 5, ""reset"": 3, ""rz"": 2, ""state_preparation"": 1, ""u"": 7}",11,20,"{""cx"": 5, ""reset"": 3, ""u"": 12}",success,,1024,Qiskit Statevector,2026-05-20T13:54:44+00:00,2026-05-20T13:54:44+00:00,4,2,0.0,6e-06,0.0253153,most-common-predicate,,http://www.w3.org/1999/02/22-rdf-syntax-ns#type,6,8,0.75,,22,10,14,600.0,uniform,,3.141592653589793,1,True,True,
real,Aristotle,data\real_kgs\Aristotle.xml,8,8,10,3,phase,3,True,success,,0.022629,0.0047711,0.0002052,0.0002751,0.000546,0.0010123,0.0006654,3,3,5,"{""h"": 3, ""initialize"": 1, ""unitary"": 1}",3,5,"{""h"": 3, ""initialize"": 1, ""unitary"": 1}",11,18,"{""cx"": 5, ""reset"": 3, ""rz"": 2, ""state_preparation"": 1, ""u"": 7}",11,20,"{""cx"": 5, ""reset"": 3, ""u"": 12}",success,,1024,Qiskit Statevector,2026-05-20T13:54:45+00:00,2026-05-20T13:54:45+00:00,4,2,0.0,5.8e-06,0.022629,most-common-predicate,,http://www.w3.org/1999/02/22-rdf-syntax-ns#type,6,8,0.75,,22,10,14,600.0,uniform,,3.141592653589793,1,True,True,
real,Aristotle,data\real_kgs\Aristotle.xml,8,8,10,3,phase,4,True,success,,0.022605,0.0044179,0.0001972,0.0002592,0.0005519,0.001006,0.0007324,3,3,5,"{""h"": 3, ""initialize"": 1, ""unitary"": 1}",3,5,"{""h"": 3, ""initialize"": 1, ""unitary"": 1}",11,18,"{""cx"": 5, ""reset"": 3, ""rz"": 2, ""state_preparation"": 1, ""u"": 7}",11,20,"{""cx"": 5, ""reset"": 3, ""u"": 12}",success,,1024,Qiskit Statevector,2026-05-20T13:54:46+00:00,2026-05-20T13:54:46+00:00,4,2,0.0,5.5e-06,0.022605,most-common-predicate,,http://www.w3.org/1999/02/22-rdf-syntax-ns#type,6,8,0.75,,22,10,14,600.0,uniform,,3.141592653589793,1,True,True,
real,Aristotle,data\real_kgs\Aristotle.xml,8,8,10,3,phase,5,True,success,,0.023462,0.0045289,0.0002272,0.0002598,0.0005384,0.0010233,0.0006817,3,3,5,"{""h"": 3, ""initialize"": 1, ""unitary"": 1}",3,5,"{""h"": 3, ""initialize"": 1, ""unitary"": 1}",11,18,"{""cx"": 5, ""reset"": 3, ""rz"": 2, ""state_preparation"": 1, ""u"": 7}",11,20,"{""cx"": 5, ""reset"": 3, ""u"": 12}",success,,1024,Qiskit Statevector,2026-05-20T13:54:47+00:00,2026-05-20T13:54:47+00:00,4,2,0.0,5.7e-06,0.023462,most-common-predicate,,http://www.w3.org/1999/02/22-rdf-syntax-ns#type,6,8,0.75,,22,10,14,600.0,uniform,,3.141592653589793,1,True,True,
