dataset_category,dataset_name,dataset_path,dataset_size,num_triples,encoding,run_count,success_count,failure_count,statuses,mean_total_runtime,std_total_runtime,mean_completed_total_runtime,std_completed_total_runtime,mean_rdf_parse_time,mean_id_mapping_time,mean_state_preparation_time,mean_circuit_construction_time,mean_simulation_time,mean_measurement_time,mean_qubits,mean_circuit_depth,mean_gate_count,mean_logical_circuit_depth,mean_logical_gate_count,mean_decomposed_circuit_depth,mean_decomposed_gate_count,mean_transpiled_circuit_depth,mean_transpiled_gate_count,mean_phase_marked_triples,mean_phase_marked_fraction,shots,backend
synthetic,synthetic_100,data\scaling\synthetic_100.ttl,100,100,amplitude,5,5,0,success,0.03903904,0.000968839,0.03903904,0.000968839,0.00536016,0.00025538,0.00036834,0.00040668,0.0005772,0.00123572,7.0,1.0,1.0,1.0,1.0,2.0,8.0,143.0,158.0,,,1024,Qiskit Statevector
synthetic,synthetic_100,data\scaling\synthetic_100.ttl,100,100,basis,6,6,0,success,1.170569867,2.128536503,1.170569867,2.128536503,0.010611967,0.000311717,0.000487383,0.0230508,0.001502767,0.268894133,15.0,1.0,1.0,1.0,1.0,2.0,16.0,65506.0,65534.0,,,1024,Qiskit Statevector
synthetic,synthetic_100,data\scaling\synthetic_100.ttl,100,100,phase,5,5,0,success,0.11537094,0.001441514,0.11537094,0.001441514,0.0053342,0.00025282,0.00145338,0.0041715,0.00592714,0.00195256,7.0,3.0,9.0,3.0,9.0,339.0,380.0,479.0,530.0,20.0,0.2,1024,Qiskit Statevector
synthetic,synthetic_1000,data\scaling\synthetic_1000.ttl,1000,1000,amplitude,5,5,0,success,0.20569756,0.008418664,0.20569756,0.008418664,0.02695368,0.00086336,0.00069744,0.00112554,0.00653718,0.00579038,10.0,1.0,1.0,1.0,1.0,2.0,11.0,937.0,958.0,,,1024,Qiskit Statevector
synthetic,synthetic_1000,data\scaling\synthetic_1000.ttl,1000,1000,basis,6,6,0,success,183.578335667,302.654847664,183.578335667,302.654847664,0.029990517,0.000922583,0.003125417,2.870693283,0.077459267,57.7082946,22.0,1.0,1.0,1.0,1.0,2.0,23.0,8388564.0,8388606.0,,,1024,Qiskit Statevector
synthetic,synthetic_1000,data\scaling\synthetic_1000.ttl,1000,1000,phase,5,5,0,success,83.01314758,1.764630199,83.01314758,1.764630199,0.02777886,0.00084192,0.01418538,6.69876858,6.79817496,0.01119188,10.0,3.0,12.0,3.0,12.0,4333.0,4553.0,5268.0,5500.0,100.0,0.1,1024,Qiskit Statevector
synthetic,synthetic_5000,data\scaling\synthetic_5000.ttl,5000,5000,amplitude,1,1,0,success,2.1877427,0.0,2.1877427,0.0,0.1475224,0.0037845,0.0069455,0.006754,0.0562808,0.0708729,13.0,1.0,1.0,1.0,1.0,2.0,14.0,6748.0,6778.0,,,1024,Qiskit Statevector
synthetic,synthetic_5000,data\scaling\synthetic_5000.ttl,5000,,basis,1,0,1,error,335.7551298,0.0,,,,,,,,,,,,,,,,,,,,1024,Qiskit Statevector
synthetic,synthetic_5000,data\scaling\synthetic_5000.ttl,5000,,phase,1,0,1,timeout,600.0013848,0.0,,,,,,,,,,,,,,,,,,,,1024,Qiskit Statevector
